id,title,description,published,filename
59,title test 1,description test 1,f,upload3.png
60,title test 2,description test 2,f,upload.png
61,title test 3,description test 3,t,upload.png
63,title test 5,description test 5,t,upload.png
64,title test 6,description test 6,f,upload.png
65,title test 7,description test 7,f,upload.png
66,title test 8,description test 8,f,upload.png
67,title test 9,description test 9,f,upload.png
68,title test 10,description test 10,t,upload.png
69,title test 11,description test 11,t,upload.png
70,title test 12,description test 12,f,upload.png
71,title test 13,description test 13,f,upload.png
72,title test 14,description test 14,f,upload.png
73,title test 15,description test 15,f,upload.png
74,title test 16,description test 16,t,upload.png
62,title test 4,description test 4,t,upload.png
